<application>
  <component name="ProjectManager">
    <defaultProject>
      <component name="BookmarkManager">
        <bookmark url="jar://F:/JDK/jdk-8u231-windows-x64/src.zip!/java/io/FileSystem.java" description="public abstract boolean delete(File f);" line="161" />
      </component>
      <component name="ProjectViewState">
        <option name="hideEmptyMiddlePackages" value="true" />
        <option name="showExcludedFiles" value="true" />
        <option name="showLibraryContents" value="true" />
      </component>
    </defaultProject>
  </component>
</application>