<application>
  <component name="AppStorage">
    <histories>
      <item value="Integration" />
      <item value="爬虫" />
      <item value="trig" />
      <item value="触发" />
      <item value="Original" />
      <item value="No such extension AppCipherFilter for" />
      <item value="instantiate" />
      <item value="altitude" />
      <item value="Unit" />
      <item value="Unsatisfied" />
      <item value="UnaryOperator" />
      <item value="record" />
      <item value="archive" />
      <item value="rections" />
      <item value=" Client attempting to establisrectionsh new session at /192.168.2.111:58641" />
      <item value="Some problems were encountered while building the effective model for com.reda:pdb-service-web:jar:1.0 'build.plugins.plugin.version' for org.apache.maven.plugins:maven-compiler-plugin is missing. @ com.reda:pdb-service-web:[unknown-version], F:\project_code_airport_第一批\01-code\trunk\pdb-airport\pdb-service-web\pom.xml, line 200, column 21 'build.plugins.plugin.version' for org.apache.maven.plugins:maven-jar-plugin is missing. @ com.reda:pdb-service-web:[unknown-version], F:\project_code_airport_第一批\01-code\trunk\pdb-airport\pdb-service-web\pom.xml, line 158, column 21 It is highly recommended to fix these problems because they threaten the stability of your build. For this reason, future Maven versions might no longer support building such malformed projects." />
      <item value="rom" />
      <item value="experience" />
      <item value="provider" />
      <item value="padded" />
      <item value="赋值" />
      <item value="Pretreat" />
      <item value="预处理" />
      <item value="preInsert" />
      <item value="上次查询时间" />
      <item value="剩下的" />
      <item value="余下的" />
      <item value="rested" />
      <item value="restful" />
      <item value="rest" />
      <item value="剩余" />
      <item value="其余" />
      <item value="其余分页" />
      <item value="Dynamic" />
      <item value="service" />
      <item value="准备发送" />
      <item value="结束" />
      <item value="Keep canonicalization caches in sync after file deletion and renaming operations. Could be more clever than this (i.e., only remove/update affected entries) but probably not worth it since these entries expire after 30 seconds anyway." />
      <item value="INVALID" />
      <item value="分隔符" />
      <item value="INTERCEPTOR" />
      <item value="mapping" />
      <item value="Validation" />
      <item value="external" />
      <item value="PROTOCOL" />
      <item value="refer" />
      <item value="reference" />
      <item value="indirectly" />
      <item value="resolve" />
      <item value="dynamic" />
    </histories>
    <option name="languageScores">
      <map>
        <entry key="CHINESE" value="43" />
        <entry key="ENGLISH" value="44" />
        <entry key="GERMAN" value="1" />
        <entry key="SUNDANESE" value="1" />
      </map>
    </option>
  </component>
  <component name="Settings">
    <option name="ignoreRegExp" value="" />
  </component>
</application>